"","chip","num.on.pwm","piqauc","dgfauc","centipedeauc","piqppv100","piqppv500","piqppv1000","dgfppv100","dgfppv500","dgfppv1000","centipedeppv100","centipedeppv500","centipedeppv1000","piqsens1000","piqsens5000","piqsens10000","dgfsens1000","dgfsens5000","dgfsens10000","centipedesens1000","centipedesens5000","centipedesens10000"
"1","Atf3V0416101PkRep1",391,0.956171378344772,0.869656860077406,0.874503866400751,0.69,0.584,0.591,0.5,0.546,0.593,0.69,0.67,0.613,0.122,0.0774,0.0523,0.134,0.0806,0.0538,0.128,0.0764,0.052
"2","Atf3V0416101PkRep2",127,0.938186268428085,0.714371055222758,0.81041761838545,0.45,0.218,0.145,0.14,0.182,0.093,0.45,0.214,0.139,0.022,0.0116,0.0085,0.02,0.0102,0.0076,0.022,0.011,0.0084
"3","Bcl3Pcr1xPkRep1",164,0.862575772442272,0.576772343396749,0.746675442835534,0.2,0.054,0.038,0.01,0.008,0.005,0.2,0.054,0.04,NA,NA,NA,NA,NA,NA,NA,NA,NA
"4","Bcl3Pcr1xPkRep2",561,0.816034464408509,0.61093034587137,0.597724032872256,0.14,0.11,0.085,0.03,0.038,0.031,0.16,0.114,0.085,0.193,NA,NA,0.174,NA,NA,0.163,NA,NA
"5","Bclaf101388Pcr1xPkRep1",428,0.917346163733578,0.750892803793265,0.63976705591053,0.24,0.166,0.156,0.06,0.052,0.058,0.26,0.172,0.128,0.086,NA,NA,0.075,NA,NA,0.061,NA,NA
"6","Bclaf101388Pcr1xPkRep2",970,0.933224380984302,0.649236377692914,0.900641998168347,0.13,0.156,0.143,0.06,0.036,0.033,0.13,0.156,0.143,0.244,NA,NA,0.211,NA,NA,0.255,NA,NA
"7","Cbx3sc101004V0422111PkRep1",764,0.931539689557638,0.835688306133383,0.463050359753674,0.98,0.972,0.929,0.54,0.704,0.762,0.44,0.108,0.197,0.035,0.0304,0.0265,0.033,0.0302,0.0265,0.016,0.0154,0.0124
"8","Cbx3sc101004V0422111PkRep2",110,0.898594582805109,0.764792549880269,0.775795517023587,0.54,0.254,0.147,0.1,0.19,0.105,0.53,0.236,0.122,0.008,0.0122,0.0089,0.008,0.0104,0.0075,0.007,0.0114,0.0086
"9","Cebpbsc150V0422111PkRep1",216,0.878032962481015,0.742938952324766,0.641801151190312,0.72,0.464,0.332,0.28,0.334,0.261,0.7,0.414,0.219,0.017,0.0158,0.012,0.015,0.013,0.0102,0.012,0.0112,0.009
"10","Cebpbsc150V0422111PkRep2",686,0.88574024508248,0.660203744774927,0.819929376814549,0.39,0.248,0.19,0.02,0.052,0.064,0.39,0.238,0.19,0.064,0.0426,0.0333,0.06,0.0388,0.0315,0.06,0.0394,0.0299
"11","Cebpdsc636V0422111PkRep1",1745,0.948607388712413,0.682628830162487,0.925532399664328,0.73,0.624,0.569,0.24,0.204,0.213,0.73,0.632,0.581,0.178,0.1246,0.1016,0.124,0.0894,0.0743,0.177,0.1212,0.0973
"12","Cebpdsc636V0422111PkRep2",1267,0.94822242705505,0.663277084704175,0.917649729697072,0.41,0.406,0.382,0.18,0.136,0.146,0.41,0.418,0.39,0.179,0.1244,NA,0.13,0.091,NA,0.177,0.1202,NA
"13","Creb1sc240V0422111PkRep1",866,0.951648629939865,0.867778893567457,0.790893887222709,0.68,0.662,0.608,0.18,0.19,0.219,0.67,0.652,0.59,0.185,0.1728,NA,0.179,0.1654,NA,0.168,0.1574,NA
"14","Creb1sc240V0422111PkRep2",2837,NA,NA,NA,0.39,0.396,0.394,0.12,0.094,0.102,0.39,0.396,0.394,0.304,0.2754,NA,0.225,0.2132,NA,0.29,0.2702,NA
"15","CtcfcPcr1xPkRep1",1450,0.874396250210032,0.669472375160244,0.843253876978757,0.94,0.848,0.793,0.38,0.47,0.495,0.89,0.62,0.405,0.041,0.0468,0.0455,0.037,0.0396,0.039,0.032,0.0304,0.0256
"16","CtcfcPcr1xPkRep1V2",4741,NA,NA,NA,0.2,0.152,0.152,0.14,0.172,0.161,0.19,0.152,0.149,0.045,0.0372,0.0338,0.044,0.0372,0.0363,0.044,0.036,0.0335
"17","CtcfcPcr1xPkRep2",1562,0.879347030319906,0.678424478905034,0.855972326607447,0.93,0.88,0.85,0.46,0.53,0.549,0.89,0.64,0.404,0.051,0.0552,0.0521,0.048,0.0512,0.0485,0.048,0.0384,0.0314
"18","Ctcflsc98982V0416101PkRep1",158,0.913913611942935,0.802064189453999,0.804015275486067,0.05,0.078,0.068,0.03,0.034,0.037,0.05,0.084,0.065,0.056,0.03,NA,0.049,0.0274,NA,0.046,0.0252,NA
"19","Ctcflsc98982V0416101PkRep2",289,0.922636985478855,0.714134196473331,0.86792819538319,0.53,0.318,0.255,0.06,0.104,0.121,0.47,0.226,0.138,0.02,0.0252,0.0258,0.016,0.0192,0.0204,0.016,0.0134,0.0131
"20","E2f6sc22823V0416102PkRep1",163,0.937615135950249,0.696373167663038,0.833020790914825,0.43,0.318,0.223,0.18,0.186,0.135,0.46,0.262,0.182,0.028,0.0204,0.0158,0.017,0.0148,0.0103,0.02,0.015,0.0115
"21","E2f6sc22823V0416102PkRep2",409,0.939616516403379,0.879061243477738,0.840045396144912,0.73,0.568,0.59,0.53,0.568,0.592,0.74,0.672,0.626,0.027,0.031,0.0276,0.03,0.0332,0.0297,0.031,0.0324,0.0284
"22","E2f6V0416102PkRep1",163,0.937615135950249,0.700558840672947,0.833020790914825,0.43,0.318,0.223,0.18,0.186,0.135,0.46,0.262,0.182,0.028,0.0204,0.0158,0.017,0.0148,0.0103,0.02,0.015,0.0115
"23","E2f6V0416102PkRep2",409,0.939616516403379,0.876271529096119,0.840045396144912,0.73,0.568,0.59,0.53,0.568,0.592,0.74,0.672,0.626,0.027,0.031,0.0276,0.03,0.0332,0.0297,0.031,0.0324,0.0284
"24","Egr1V0416101PkRep1",396,0.925284726449804,0.862045831161134,0.817305988132595,0.64,0.56,0.528,0.37,0.506,0.545,0.66,0.654,0.564,0.028,0.0266,0.022,0.033,0.029,0.0239,0.028,0.0266,0.0228
"25","Egr1V0416101PkRep2",293,0.926395039272427,0.869601653575858,0.821890863993386,0.51,0.438,0.401,0.31,0.392,0.412,0.53,0.506,0.427,0.023,0.0244,0.0209,0.026,0.0264,0.0228,0.022,0.0246,0.0216
"26","Elf1sc631V0416102PkRep1",497,0.969901463697463,0.897843094767607,0.885197793656522,0.95,0.812,0.797,0.68,0.752,0.795,0.96,0.922,0.833,0.083,0.0726,0.0587,0.089,0.0756,0.061,0.079,0.0738,0.0597
"27","Elf1sc631V0416102PkRep2",597,0.962279351848214,0.875329435033416,0.858695440782376,0.99,0.866,0.882,0.78,0.834,0.883,0.99,0.978,0.907,0.122,0.0808,0.0576,0.127,0.0832,0.0586,0.116,0.0808,0.0574
"28","Ets1V0416101PkRep1",536,0.977361308625008,0.900914738733205,0.882960904412871,0.98,0.874,0.881,0.75,0.854,0.869,0.98,0.948,0.882,0.415,0.1414,NA,0.429,0.144,NA,0.409,0.1396,NA
"29","Ets1V0416101PkRep2",443,0.969756647217096,0.91275527237825,0.889150373994009,0.88,0.758,0.735,0.65,0.702,0.731,0.89,0.852,0.757,0.155,0.0866,0.0587,0.164,0.0902,0.061,0.155,0.0882,0.0593
"30","Fosl1sc183V0416101PkRep1",738,0.927049137905539,0.647174824395295,0.883101997682345,0.31,0.248,0.218,0.11,0.088,0.076,0.31,0.254,0.218,0.101,0.0702,NA,0.07,0.055,NA,0.099,0.0686,NA
"31","Fosl1sc183V0416101PkRep2",395,0.961577951069218,0.750786528986588,0.926641763781453,0.29,0.19,0.165,0.07,0.074,0.067,0.29,0.188,0.163,0.094,0.0608,NA,0.088,0.055,NA,0.093,0.0538,NA
"32","GabpV0416101PkRep1",880,0.967964065253431,0.797666007190379,0.919581887656555,0.6,0.596,0.511,0.13,0.12,0.13,0.6,0.596,0.508,0.06,0.0808,0.0802,0.053,0.073,0.074,0.066,0.0794,0.0755
"33","GabpV0416101PkRep2",455,0.957630216838376,0.899522480528092,0.861544490959295,0.91,0.762,0.737,0.59,0.692,0.735,0.9,0.85,0.758,0.102,0.072,0.0558,0.107,0.0764,0.0586,0.102,0.073,0.0567
"34","Gata2sc267Pcr1xPkRep1",149,0.932379643407637,0.679748059930651,0.856264463919487,0.37,0.272,0.171,0.28,0.172,0.087,0.37,0.248,0.158,0.013,0.0068,0.0055,0.011,0.005,0.0047,0.013,0.007,0.0053
"35","Gata2sc267Pcr1xPkRep2",117,0.968752750441189,0.77127562292365,0.929601833080479,0.32,0.228,0.153,0.04,0.098,0.121,0.32,0.226,0.146,0.031,0.0236,NA,0.022,0.0192,NA,0.035,0.023,NA
"36","Hdac2sc6296V0416102PkRep1",107,0.948719364542111,0.779804641019096,0.86315071208173,0.66,0.262,0.164,0.16,0.234,0.121,0.64,0.242,0.159,0.012,0.0098,0.008,0.013,0.0088,0.0074,0.012,0.0092,0.0073
"37","Hdac2sc6296V0416102PkRep2",474,0.947129701822512,0.757354494716722,0.874115932324304,0.32,0.33,0.26,0.06,0.07,0.06,0.32,0.338,0.257,0.11,0.0814,NA,0.103,0.0746,NA,0.114,0.0802,NA
"38","Hey1Pcr1xPkRep1",426,0.946016397312253,0.884754755530211,0.839515836016591,0.84,0.664,0.651,0.6,0.614,0.647,0.81,0.778,0.69,0.044,0.04,0.0426,0.042,0.0422,0.0455,0.041,0.0422,0.0449
"39","Hey1Pcr1xPkRep2",610,0.913442435291374,0.825510143514298,0.476347698895555,0.86,0.792,0.754,0.5,0.584,0.628,0.34,0.084,0.166,0.054,0.0468,0.0357,0.054,0.0464,0.035,0.031,0.0234,0.0177
"40","MaxV0416102PkRep1",550,0.957143195019593,0.878006572308957,0.851409175571235,0.93,0.796,0.809,0.72,0.786,0.819,0.93,0.934,0.848,0.056,0.0508,0.043,0.056,0.0546,0.0465,0.056,0.052,0.0446
"41","MaxV0416102PkRep2",874,0.933084825189044,0.825153381163083,0.45999454573034,0.98,0.976,0.962,0.84,0.852,0.886,0.5,0.144,0.257,0.035,0.0468,0.0407,0.036,0.046,0.0407,0.018,0.0232,0.0189
"42","Mef2aV0416101PkRep1",826,0.924744052415322,0.678046375027515,0.891599889140218,0.23,0.174,0.156,0.04,0.05,0.039,0.23,0.174,0.156,0.177,NA,NA,0.152,NA,NA,0.18,NA,NA
"43","Mef2aV0416101PkRep2",458,0.956874586391125,0.756307086829593,0.938592807681933,0.2,0.158,0.136,0.02,0.02,0.017,0.2,0.158,0.136,0.196,NA,NA,0.163,NA,NA,0.193,NA,NA
"44","Nr2f2sc271940V0422111PkRep1",6513,NA,NA,NA,0.42,0.584,0.613,0.25,0.26,0.272,0.42,0.584,0.613,0.341,0.2628,0.209,0.252,0.2084,0.1729,0.337,0.2588,0.2049
"45","Nr2f2sc271940V0422111PkRep2",11894,NA,NA,NA,0.65,0.768,0.795,0.45,0.394,0.384,0.65,0.768,0.795,0.415,0.3382,0.2846,0.336,0.263,0.2246,0.403,0.336,0.2812
"46","NrsfV0416102PkRep1",2211,0.931720757643977,0.840806289563552,0.50580667066231,0.88,0.87,0.829,0.11,0.136,0.158,0.29,0.12,0.072,0.011,0.1016,0.1241,0.013,0.1004,0.1219,0.014,0.0098,0.0098
"47","NrsfV0416102PkRep2",1174,0.952979155440917,0.87800593422674,0.49942475355523,0.81,0.748,0.656,0.04,0.052,0.075,0.19,0.052,0.033,0.004,0.1256,0.1356,0.005,0.1228,0.1315,0.012,0.0104,0.0103
"48","Pmlsc71910V0422111PkRep1",962,0.94025151474605,0.71203506719935,0.445416461264758,0.62,0.726,0.694,0.53,0.532,0.553,0.45,0.154,0.081,0.072,0.1012,0.0867,0.073,0.0916,0.0788,0.01,0.0078,0.0078
"49","Pmlsc71910V0422111PkRep2",610,0.953651132275351,0.8673817766267,0.485735635030371,0.96,0.864,0.818,0.5,0.608,0.652,0.54,0.108,0.178,0.041,0.0386,0.0341,0.041,0.0386,0.0336,0.021,0.0152,0.0138
"50","Pol24h8V0416101PkRep1",1376,0.927299562466364,0.692600712460004,0.436129361811538,0.88,0.898,0.865,0.72,0.698,0.707,0.63,0.2,0.103,0.098,0.108,0.0866,0.097,0.099,0.0781,0.015,0.0094,0.0072
"51","Pol24h8V0416101PkRep2",710,0.908982693892501,0.828356110551537,0.446676891615542,0.96,0.9,0.842,0.6,0.648,0.692,0.48,0.108,0.177,0.045,0.035,0.0291,0.046,0.0356,0.0289,0.024,0.0154,0.0126
"52","Pol2V0416101PkRep1",740,0.920491188601425,0.836686069581108,0.45755457752247,0.92,0.916,0.874,0.66,0.72,0.762,0.48,0.12,0.196,0.044,0.0498,0.0391,0.043,0.0496,0.0384,0.021,0.0238,0.0175
"53","Pol2V0416101PkRep2",780,0.90425028614764,0.821163528715716,0.469546117432037,0.98,0.932,0.897,0.64,0.724,0.77,0.42,0.112,0.219,0.025,0.039,0.0389,0.025,0.0386,0.0386,0.012,0.0186,0.0194
"54","Pu1Pcr1xPkRep1",196,0.909548190267928,0.81874343547213,0.843836577924763,0.33,0.28,0.252,0.18,0.184,0.225,0.34,0.32,0.263,0.008,0.0104,0.0097,0.007,0.0106,0.0096,0.007,0.0106,0.01
"55","Pu1Pcr1xPkRep2",107,0.912291131655538,0.826841294298921,0.841876819037836,0.24,0.178,0.151,0.09,0.106,0.136,0.24,0.194,0.162,0.008,0.009,0.0078,0.007,0.009,0.0076,0.008,0.0096,0.0081
"56","Rad21V0416102PkRep1",1348,0.941897919329861,0.703558849916452,0.881505087116797,0.94,0.888,0.836,0.4,0.5,0.524,0.92,0.64,0.387,0.075,0.0718,0.0612,0.08,0.0684,0.0565,0.059,0.0414,0.0319
"57","Rad21V0416102PkRep2",1441,0.920576289588058,0.693158914464867,0.877507740239723,0.95,0.886,0.843,0.43,0.528,0.553,0.92,0.702,0.454,0.073,0.0632,0.0588,0.077,0.0626,0.0557,0.062,0.0422,0.0334
"58","Sin3ak20V0416101PkRep1",122,0.952271865322347,0.724764636026059,0.932488518078436,0.08,0.062,0.058,0.02,0.022,0.018,0.08,0.068,0.059,0.058,NA,NA,0.047,NA,NA,0.054,NA,NA
"59","Sin3ak20V0416101PkRep2",369,0.947200835049169,0.897677994208814,0.866484460611184,0.75,0.564,0.52,0.41,0.468,0.51,0.76,0.652,0.557,0.048,0.0504,0.0416,0.052,0.0536,0.0444,0.054,0.053,0.0436
"60","Six5Pcr1xPkRep1",543,0.982521656376709,0.887550359328217,0.889112304880158,0.98,0.896,0.908,0.79,0.838,0.867,0.98,0.958,0.882,0.203,0.1422,0.0845,0.211,0.1394,0.0817,0.208,0.1378,0.0804
"61","Six5Pcr1xPkRep2",611,0.985364606152164,0.874057256986009,0.877947068857916,1,0.934,0.954,0.89,0.9,0.92,1,0.99,0.927,0.38,0.1688,0.0908,0.391,0.1646,0.0872,0.38,0.1606,0.0853
"62","Six5V0416101PkRep1",117,0.993178712647539,0.917350921959103,0.993265683953068,0.61,0.396,0.209,0.12,0.132,0.237,0.61,0.378,0.237,NA,NA,NA,NA,NA,NA,NA,NA,NA
"63","Six5V0416101PkRep2",650,0.988922431078446,0.852878768780125,0.872035332059102,1,0.936,0.959,0.9,0.918,0.933,1,0.994,0.933,0.617,NA,NA,0.62,NA,NA,0.597,NA,NA
"64","Sp1Pcr1xPkRep1",210,0.98998523275941,0.827507028651754,0.893297135865335,0.52,0.284,0.2,0.02,0.018,0.016,0.47,0.258,0.185,0.176,NA,NA,0.144,NA,NA,0.145,NA,NA
"65","Sp1Pcr1xPkRep2",261,0.933143781980517,0.714390882228091,0.913672611273571,0.44,0.276,0.219,0.04,0.042,0.033,0.44,0.274,0.211,0.078,0.06,NA,0.051,0.042,NA,0.073,0.056,NA
"66","Sp2sc643V0416102PkRep1",311,0.980717146349839,0.91258822589273,0.947386212666639,0.83,0.67,0.519,0.12,0.11,0.108,0.85,0.654,0.476,0.209,NA,NA,0.201,NA,NA,0.202,NA,NA
"67","Sp2sc643V0416102PkRep2",105,0.962298376514235,0.852986841914232,0.852084750267752,0.54,0.338,0.194,0.08,0.15,0.176,0.64,0.304,0.178,0.091,NA,NA,0.088,NA,NA,0.084,NA,NA
"68","SrfV0416101PkRep1",128,0.96824692773156,0.854574407740311,0.924451622851223,0.43,0.274,0.181,0.06,0.058,0.076,0.43,0.27,0.174,0.044,0.0352,NA,0.036,0.0336,NA,0.038,0.0322,NA
"69","SrfV0416101PkRep2",116,0.953058041076147,0.863084088998318,0.9355631455681,0.06,0.152,0.122,0,0.024,0.028,0.06,0.16,0.124,0.026,NA,NA,0.033,NA,NA,0.036,NA,NA
"70","Stat5asc74442V0422111PkRep1",141,0.967824185514238,0.719612496211034,0.909539359044808,0.61,0.342,0.199,0.27,0.188,0.105,0.61,0.314,0.192,0.012,0.0106,0.0091,0.009,0.0076,0.0068,0.015,0.0106,0.0087
"71","Stat5asc74442V0422111PkRep2",1953,0.943044007106406,0.709244174822949,0.886907545012642,0.22,0.392,0.383,0.15,0.156,0.145,0.26,0.418,0.408,0.298,0.2104,NA,0.247,0.1808,NA,0.294,0.2038,NA
"72","Taf1V0416101PkRep1",388,0.955858825148708,0.72009264225658,0.81788895652651,0.84,0.772,0.537,0.41,0.474,0.341,0.85,0.592,0.434,0.073,0.0532,0.0386,0.059,0.0388,0.0279,0.058,0.04,0.0293
"73","Taf1V0416101PkRep2",392,0.956143449117098,0.915779325678751,0.880161439123294,0.82,0.648,0.615,0.49,0.58,0.612,0.81,0.77,0.663,0.052,0.0508,0.0487,0.054,0.0546,0.0521,0.052,0.0524,0.0506
"74","Taf7sc101167V0416101PkRep1",101,0.944383571552572,0.849919130837336,0.416195677333488,0.09,0.092,0.09,0.04,0.022,0.025,0.04,0.012,0.006,0.063,NA,NA,0.058,NA,NA,0.004,NA,NA
"75","Taf7sc101167V0416101PkRep2",704,0.920929098506774,0.683270684728175,0.692160389857713,0.19,0.154,0.135,0.04,0.028,0.031,0.21,0.166,0.132,0.198,NA,NA,0.161,NA,NA,0.177,NA,NA
"76","Tead4sc101184V0422111PkRep1",3054,0.952990818468313,0.656607260734524,0.920157934539499,0.84,0.786,0.747,0.38,0.348,0.361,0.84,0.796,0.76,0.199,0.1498,0.1168,0.14,0.106,0.0854,0.199,0.1466,0.114
"77","Tead4sc101184V0422111PkRep2",16036,NA,NA,NA,0.93,0.934,0.922,0.64,0.698,0.706,0.95,0.954,0.944,0.231,0.2044,0.2034,0.196,0.1782,0.1846,0.198,0.179,0.1829
"78","Thap1sc98174V0416101PkRep1",315,0.951574337269578,0.873029129063343,0.809341028017087,0.38,0.266,0.228,0.05,0.076,0.081,0.37,0.256,0.226,0.146,NA,NA,0.14,NA,NA,0.135,NA,NA
"79","Thap1sc98174V0416101PkRep2",269,0.973924542972719,0.915899838918897,0.860428008973009,0.39,0.28,0.243,0.04,0.062,0.064,0.37,0.274,0.239,0.147,NA,NA,0.142,NA,NA,0.14,NA,NA
"80","Trim28sc81411V0422111PkRep1",174,0.954218196518009,0.663954683421148,0.864107817007078,0.69,0.37,0.219,0.32,0.202,0.104,0.69,0.344,0.212,0.019,0.0136,0.01,0.014,0.0102,0.0077,0.02,0.0138,0.0102
"81","Trim28sc81411V0422111PkRep2",142,0.956219707685928,0.814100823079599,0.498862155332714,0.24,0.182,0.13,0,0.022,0.035,0.15,0.052,0.028,0.046,NA,NA,0.039,NA,NA,0.009,NA,NA
"82","Usf1V0416101PkRep1",317,0.920301486284657,0.786987055786379,0.811416399425073,0.47,0.378,0.382,0.29,0.31,0.374,0.47,0.424,0.388,0.112,0.041,0.0271,0.106,0.0386,0.0255,0.1,0.036,0.0245
"83","Usf1V0416101PkRep2",241,0.925470701494969,0.782259680811107,0.822374777299845,0.35,0.274,0.283,0.27,0.242,0.283,0.35,0.322,0.288,0.109,0.041,0.0281,0.105,0.039,0.0268,0.099,0.0362,0.0257
"84","Yy1sc281V0416101PkRep1",514,0.962130690098415,0.885385850586125,0.863078996192907,0.96,0.812,0.798,0.67,0.746,0.793,0.94,0.928,0.831,0.082,0.0714,0.0571,0.092,0.075,0.0593,0.084,0.072,0.0577
"85","Yy1sc281V0416101PkRep2",220,0.945769732120626,0.894805961988176,0.880112287690828,0.44,0.388,0.372,0.38,0.338,0.365,0.44,0.454,0.39,0.09,0.0558,NA,0.094,0.0584,NA,0.089,0.0574,NA
"86","Yy1V0416101PkRep1",514,0.962130690098415,0.894149641412334,0.863078996192907,0.96,0.812,0.798,0.67,0.746,0.793,0.94,0.928,0.831,0.082,0.0714,0.0571,0.092,0.075,0.0593,0.084,0.072,0.0577
"87","Yy1V0416101PkRep2",220,0.945769732120626,0.888542066386436,0.880112287690828,0.44,0.388,0.372,0.38,0.338,0.365,0.44,0.454,0.39,0.09,0.0558,NA,0.094,0.0584,NA,0.089,0.0574,NA
"88","Yy1V0416102PkRep1",226,0.983635266396092,0.784858773657716,0.776705205049539,1,0.804,0.477,0.31,0.388,0.309,1,0.462,0.333,0.226,NA,NA,0.181,NA,NA,0.159,NA,NA
"89","Yy1V0416102PkRep2",591,0.969462704886285,0.873466964209746,0.863609579795009,0.97,0.864,0.879,0.78,0.826,0.872,0.97,0.966,0.898,0.08,0.0702,0.0528,0.09,0.073,0.0547,0.085,0.0714,0.0533
"90","Zbtb33Pcr1xPkRep1",311,0.931048475342866,0.833322694776773,0.449290560256784,1,0.958,NA,0.77,0.906,NA,0.98,0.512,NA,0.11,0.0466,0.0262,0.114,0.0484,0.0274,0.072,0.0278,0.0154
"91","Zbtb33Pcr1xPkRep2",339,0.933704266214927,0.820720641782036,0.440246704441459,1,0.976,NA,0.81,0.936,NA,1,0.57,NA,0.128,0.0506,0.0272,0.134,0.0528,0.028,0.08,0.0304,0.0169
"92","Zbtb7asc34508V0416101PkRep1",364,0.909797975898235,0.795373058792857,0.745778343683942,0.3,0.224,0.248,0.16,0.128,0.116,0.3,0.216,0.222,0.042,0.0274,NA,0.04,0.0294,NA,0.038,0.0256,NA
"93","Zbtb7asc34508V0416101PkRep2",352,0.929244393031303,0.87430829934415,0.836241876668296,0.59,0.506,0.489,0.43,0.514,0.517,0.6,0.58,0.536,0.026,0.0276,0.0261,0.026,0.0316,0.0279,0.023,0.0286,0.027
"94","Egr1",194,0.571100727296903,0.530955686797561,0.557459425200904,0,0,0,0,0,0,0,0,0.001,0.001,NA,NA,0.001,NA,NA,0.001,NA,NA
"95","Gabp",127,0.529688113607576,0.46653200397059,0.513065819270533,0,0,0,0,0,0,0,0,0,0.007,NA,NA,0.006,NA,NA,0.007,NA,NA
"96","Hey1",162,0.576062901123761,0.530709789264022,0.511346967206448,0.01,0.016,0.018,0.02,0.04,0.026,0.01,0.02,0.012,0.002,0.0016,9e-04,0.002,0.0018,0.0012,0.002,0.001,6e-04
"97","Nrsf",157,0.528372023583422,0.501443101301378,0.475687872171642,0,0,0,0,0,0,0,0,0,0.005,NA,NA,0.003,NA,NA,0.001,NA,NA
"98","Pol24h8",148,0.535570713806693,0.51433314997752,0.528574308082977,0.01,0.038,0.034,0.04,0.04,0.034,0.04,0.034,0.03,0.003,0.003,0.0019,0.005,0.0024,0.0017,0.005,0.0024,0.0015
"99","Pol2",168,0.578668903893638,0.525621357039259,0.535968775267946,0,0.002,0.001,0,0,0,0,0.002,0.001,0,0.0016,0.001,0,0.0014,9e-04,0,0.0016,0.0012
"100","Pu1",170,0.567152831476481,0.503192244861566,0.508248359752661,0,0.006,0.005,0,0.012,0.007,0,0.004,0.005,0,2e-04,2e-04,0,4e-04,4e-04,0,4e-04,2e-04
"101","Sin3ak20",344,NA,NA,NA,0,0,0,0,0,0,0,0,0,NA,NA,NA,NA,NA,NA,NA,NA,NA
"102","Six5",180,0.570818126404988,0.505990108798885,0.561980643365007,0,0,0.001,0,0,0.001,0,0,0,0.003,NA,NA,0.008,NA,NA,0.005,NA,NA
"103","Srf",110,0.572894399632054,0.488127116676234,0.474849049915541,0,0,0,0,0,0,0,0,0,NA,NA,NA,NA,NA,NA,NA,NA,NA
"104","Taf1",110,0.524552560837578,0.477320477697175,0.420140389463395,0,0,0.002,0.01,0.006,0.004,0,0,0.004,0,0,NA,0.001,4e-04,NA,0,0,NA
"105","Usf1",105,0.547586772625199,0.525272466527617,0.491767547110849,0,0.002,0.001,0,0.002,0.001,0,0.002,0.001,0.001,0.0022,NA,0.001,0.0026,NA,0,0.0018,NA
"106","Egr1",206,NA,NA,NA,0,0,0,0,0,0,0,0,0,NA,NA,NA,NA,NA,NA,NA,NA,NA
"107","Gabp",115,0.525542481088518,0.526001407070352,0.524846220918524,0,0,0,0,0,0,0,0,0,0.003,NA,NA,0.004,NA,NA,0.006,NA,NA
"108","Hey1",212,0.569857477124193,0.534278067661157,0.497874279219187,0.03,0.026,0.024,0.02,0.04,0.03,0.03,0.028,0.022,0.002,0.0014,0.001,0.002,0.0018,0.0012,0.002,0.001,6e-04
"109","Nrsf",104,0.53652667500434,0.519673440269551,0.530528919917956,0,0,0,0,0,0.002,0,0,0,0,NA,NA,0.001,NA,NA,0.001,NA,NA
"110","Pol24h8",136,0.589853017510623,0.560337748868745,0.521982855953055,0.04,0.088,0.086,0.08,0.064,0.08,0.12,0.052,0.066,0.003,0.0036,0.0023,0.003,0.0034,0.0023,0.003,0.0034,0.0026
"111","Pol2",247,0.570499832136754,0.517197711119946,0.530683859927196,0,0,0.001,0,0.002,0.001,0,0,0.001,0.001,0.0018,0.0015,0,0.0022,0.0017,0.001,0.002,0.0016
"112","Pu1",357,0.538854392042628,0.488450593511008,0.518177207969147,0,0,0.003,0.02,0.006,0.003,0,0,0.004,0.002,8e-04,7e-04,0.003,6e-04,0.0012,0.002,8e-04,9e-04
"113","Sin3ak20",110,0.560694173345517,0.526243045355149,0.559412662278304,0,0,0,0,0,0,0,0,0,NA,NA,NA,NA,NA,NA,NA,NA,NA
"114","Six5",263,0.558919985278413,0.507254304497822,0.551320210041054,0.01,0.002,0.002,0,0,0,0.01,0.002,0.001,0.004,NA,NA,0.005,NA,NA,0.004,NA,NA
"115","Srf",108,0.555788439281401,0.509385037930647,0.473649760828607,0,0,0,0,0,0,0,0,0,NA,NA,NA,NA,NA,NA,NA,NA,NA
"116","Taf1",105,0.621045881817722,0.480006743241686,0.475073473560115,0.01,0.004,0.005,0.01,0.014,0.011,0.01,0.006,0.007,0.002,6e-04,7e-04,0.001,8e-04,0.001,0.003,0.001,8e-04
"117","Usf1",104,0.552666881243884,0.520775760837073,0.566078272260281,0,0,0,0,0,0.001,0,0,0,0.002,0.0012,NA,0.002,0.001,NA,0.001,8e-04,NA
"118","Arid3asc8821IggrabPk",6320,NA,NA,NA,0.8,0.766,0.725,0.37,0.402,0.375,0.77,0.782,0.73,0.255,0.1958,0.172,0.218,0.1674,0.1539,0.225,0.1674,0.1473
"119","Atf106325StdPk",427,0.939720907884979,0.864839720490082,0.849890117924775,0.88,0.666,0.644,0.55,0.572,0.628,0.85,0.79,0.685,0.065,0.0428,0.0304,0.075,0.0464,0.0331,0.072,0.0462,0.0325
"120","Atf3StdPk",378,0.963903558368133,0.863949664937304,0.858419963663084,0.3,0.31,0.27,0.06,0.072,0.056,0.31,0.3,0.255,NA,NA,NA,NA,NA,NA,NA,NA,NA
"121","Bach1sc14700IggrabPk",2353,0.908746307143781,0.689833899631309,0.763362177433403,0.96,0.9,0.839,0.37,0.34,0.374,0.96,0.822,0.64,0.511,0.2748,0.17,0.414,0.2064,0.1294,0.406,0.203,0.1275
"122","Bdp1StdPk",162,0.957465344616028,0.716173940445579,0.940347971346867,0,0.002,0.006,0,0.002,0.007,0,0.002,0.006,NA,NA,NA,NA,NA,NA,NA,NA,NA
"123","Bhlhe40nb100IggrabPk",836,0.934465212477274,0.826489930460021,0.460743495125728,0.98,0.956,0.932,0.64,0.784,0.834,0.52,0.132,0.225,0.053,0.0358,0.0308,0.051,0.0358,0.0306,0.018,0.015,0.0126
"124","Brf1StdPk",119,0.98213124213184,0.782661692129385,0.983357230810289,0.03,0.006,0.003,0,0,0,0.03,0.006,0.003,NA,NA,NA,NA,NA,NA,NA,NA,NA
"125","Brf2StdPk",113,0.928451167327339,0.692064137809498,0.911578911009137,0,0,0,0,0,0,0,0,0,NA,NA,NA,NA,NA,NA,NA,NA,NA
"126","Brg1IggmusPk",1758,NA,NA,NA,0.16,0.18,0.17,0.01,0.014,0.016,0.16,0.18,0.17,NA,NA,NA,NA,NA,NA,NA,NA,NA
"127","Ccnt2StdPk",736,0.941986497258282,0.847243390970726,0.481333726050116,0.96,0.912,0.878,0.7,0.732,0.79,0.48,0.116,0.218,0.051,0.0438,0.0349,0.055,0.0442,0.0351,0.029,0.021,0.0169
"128","Cdpsc6327IggrabPk",5978,NA,NA,NA,0.64,0.602,0.573,0.38,0.338,0.333,0.68,0.624,0.599,0.218,0.192,0.1624,0.191,0.1732,0.1486,0.189,0.172,0.1414
"129","CebpbIggrabPk",686,0.907080485085539,0.813777903689623,0.456342796522396,0.92,0.852,0.787,0.48,0.628,0.672,0.4,0.112,0.19,0.016,0.0132,0.0108,0.015,0.013,0.0109,0.007,0.0058,0.0048
"130","CfosStdPk",594,0.966340721241351,0.775893517006353,0.895129096305104,0.41,0.35,0.279,0.04,0.054,0.043,0.39,0.322,0.257,0.176,NA,NA,0.144,NA,NA,0.151,NA,NA
"131","Chd2ab68301IggrabPk",518,0.96133798991327,0.903156003096808,0.872342114810156,0.96,0.816,0.816,0.64,0.77,0.815,0.96,0.924,0.847,0.109,0.0706,0.0556,0.114,0.0756,0.0598,0.105,0.0718,0.0573
"132","CjunIfna30StdPk",5494,0.934776816490346,0.707291453248106,0.699959252317647,0.63,0.61,0.595,0.28,0.296,0.317,0.71,0.644,0.607,0.184,0.1646,0.1556,0.158,0.1496,0.1451,0.163,0.1426,0.1347
"133","CjunIfna6hStdPk",656,0.977258417242627,0.747037324896713,0.972280903085785,0.12,0.122,0.11,0.04,0.04,0.035,0.12,0.122,0.11,0.353,NA,NA,0.28,NA,NA,0.355,NA,NA
"134","CjunIfng30StdPk",431,0.968283064538062,0.725734896322383,0.95969492403575,0.3,0.214,0.187,0.06,0.058,0.057,0.3,0.22,0.189,0.144,NA,NA,0.115,NA,NA,0.139,NA,NA
"135","CjunIfng6hStdPk",819,0.97094813614678,0.737509799075277,0.963192445806367,0.12,0.128,0.118,0.07,0.056,0.047,0.12,0.128,0.118,0.355,NA,NA,0.277,NA,NA,0.356,NA,NA
"136","CjunIggrabPk",834,0.896993425449254,0.778670416156596,0.479275620890054,0.8,0.81,0.808,0.6,0.692,0.754,0.42,0.152,0.26,0.076,0.051,0.0401,0.082,0.0518,0.0402,0.047,0.0302,0.0245
"137","CjunStdPk",7040,NA,NA,NA,0.31,0.326,0.317,0.1,0.11,0.099,0.31,0.326,0.317,0.598,0.4354,NA,0.558,0.4328,NA,0.605,0.4372,NA
"138","CmycIfna30StdPk",881,0.95692133612395,0.681567906198038,0.938355360103671,0.2,0.146,0.154,0.07,0.038,0.039,0.2,0.146,0.154,0.296,NA,NA,0.231,NA,NA,0.287,NA,NA
"139","CmycIfna6hStdPk",1462,0.955514844336789,0.677191009616753,0.934420904038424,0.29,0.242,0.23,0.1,0.058,0.056,0.29,0.242,0.23,0.299,NA,NA,0.238,NA,NA,0.294,NA,NA
"140","CmycIfng30StdPk",728,0.94310570920756,0.845526812033986,0.465436968961332,0.96,0.9,0.885,0.68,0.756,0.794,0.48,0.108,0.211,0.068,0.0482,0.0377,0.069,0.0474,0.0373,0.035,0.0194,0.0157
"141","CmycIfng6hStdPk",2028,0.939261978340442,0.661217940761224,0.865034835986999,0.36,0.408,0.362,0.07,0.112,0.106,0.36,0.396,0.348,0.198,0.1756,NA,0.165,0.1456,NA,0.186,0.166,NA
"142","CmycIggrabPk",848,0.948931453658172,0.840708475490275,0.465400635635074,1,0.96,0.946,0.74,0.836,0.872,0.5,0.136,0.24,0.064,0.0508,0.0413,0.065,0.0494,0.0409,0.026,0.0232,0.0186
"143","CmycStdPk",276,0.952911518551052,0.716662529843341,0.897985329883173,0.28,0.184,0.127,0.02,0.016,0.023,0.28,0.182,0.127,0.084,NA,NA,0.077,NA,NA,0.096,NA,NA
"144","Corestab24166IggrabPk",1254,0.93505887899536,0.708018840053942,0.449697086588018,0.81,0.796,0.783,0.58,0.644,0.676,0.65,0.216,0.113,0.057,0.0616,0.059,0.05,0.0542,0.0529,0.005,0.0058,0.0055
"145","Corestsc30189IggrabPk",1042,0.937880350806869,0.811752361094001,0.453630681933103,0.98,0.972,0.968,0.82,0.912,0.946,0.74,0.216,0.284,0.019,0.023,0.0236,0.02,0.0232,0.0238,0.007,0.0102,0.0107
"146","CtcfbIggrabPk",460,0.910167552817937,0.84165382097637,0.827655797508008,0.78,0.626,0.593,0.45,0.542,0.579,0.78,0.742,0.629,0.015,0.0112,0.0074,0.015,0.0118,0.0079,0.016,0.0124,0.0085
"147","E2f4UcdPk",245,0.958279143543159,0.716778307868258,0.840036889332399,0.7,0.52,0.337,0.27,0.292,0.208,0.72,0.396,0.282,0.066,0.0516,NA,0.043,0.0346,NA,0.05,0.0392,NA
"148","E2f6UcdPk",391,0.939538028240812,0.883999464749962,0.832110924198399,0.69,0.56,0.554,0.5,0.544,0.553,0.69,0.658,0.584,0.055,0.048,0.0427,0.052,0.052,0.0465,0.052,0.0498,0.0449
"149","Elk112771IggrabPk",382,0.96177530558141,0.928471967969275,0.906052494472602,0.81,0.648,0.636,0.45,0.584,0.635,0.8,0.77,0.673,0.055,0.0656,0.046,0.061,0.0704,0.0502,0.057,0.0678,0.0486
"150","Gata1bIggmusPk",19890,NA,NA,NA,0.24,0.206,0.23,0.1,0.11,0.102,0.24,0.206,0.23,0.501,0.421,NA,0.523,0.453,NA,0.497,0.4204,NA
"151","Gata1UcdPk",232,0.98377280365182,0.856312569008018,0.942880699401343,0.1,0.184,0.163,0.02,0.022,0.024,0.11,0.196,0.168,0.187,NA,NA,0.165,NA,NA,0.173,NA,NA
"152","Gata2UcdPk",1176,0.969990067641269,0.766344960321808,0.933509997875731,0.18,0.328,0.336,0.04,0.09,0.091,0.2,0.354,0.355,0.283,0.209,NA,0.234,0.1774,NA,0.271,0.195,NA
"153","Gtf2bStdPk",1897,0.971118798013341,0.732821250269181,0.962093457339927,0.38,0.448,0.428,0.18,0.104,0.098,0.38,0.448,0.428,0.335,0.2464,NA,0.25,0.1904,NA,0.339,0.2428,NA
"154","Gtf2f1ab28179IggrabPk",369,0.958873310637068,0.925469049839907,0.899921701412237,0.82,0.628,0.593,0.44,0.512,0.575,0.82,0.752,0.63,0.05,0.0568,0.0438,0.053,0.0604,0.0469,0.051,0.058,0.0454
"155","Hcfc1nb10068209IggrabPk",790,0.977625056621505,0.811848821008627,0.825413207889203,1,0.948,0.965,0.94,0.95,0.96,1,0.992,0.958,0.569,0.184,0.0936,0.584,0.1784,0.0906,0.569,0.1736,0.0882
"156","Hmgn3StdPk",454,0.948266417641292,0.885851928394481,0.850408250348393,0.77,0.66,0.658,0.58,0.66,0.672,0.77,0.774,0.709,0.035,0.042,0.0414,0.037,0.0462,0.0451,0.032,0.0436,0.0434
"157","Ini1IggmusPk",289,0.947506379315443,0.678840891564228,0.917111361262774,0.06,0.08,0.063,0.01,0.03,0.022,0.07,0.082,0.067,NA,NA,NA,NA,NA,NA,NA,NA,NA
"158","Irf1Ifna30StdPk",657,0.911163580124942,0.600509793562598,0.869864546942789,0.32,0.182,0.151,0.01,0.018,0.02,0.33,0.19,0.151,0.103,NA,NA,0.074,NA,NA,0.102,NA,NA
"159","Irf1Ifna6hStdPk",1182,0.948065001274313,0.727620832030129,0.444652035489899,0.8,0.83,0.814,0.68,0.67,0.7,0.69,0.226,0.122,0.045,0.0858,0.0748,0.048,0.0812,0.0714,0.006,0.0086,0.007
"160","Irf1Ifng30StdPk",1326,0.953418690558681,0.713834572747373,0.445675293129898,0.89,0.898,0.867,0.76,0.726,0.754,0.72,0.254,0.134,0.124,0.1202,0.0912,0.123,0.1128,0.0855,0.011,0.01,0.0089
"161","Irf1Ifng6hStdPk",472,0.967767296837288,0.907470190718633,0.878944033417894,0.92,0.752,0.703,0.5,0.656,0.698,0.89,0.87,0.74,0.075,0.0704,0.0567,0.082,0.0748,0.0605,0.074,0.0724,0.0575
"162","JundIggrabPk",1961,0.952922345442422,0.684311969722601,0.442968826023808,0.98,0.984,0.982,0.9,0.916,0.933,0.94,0.39,0.214,0.05,0.0538,0.0587,0.044,0.0482,0.0522,0.011,0.0064,0.0058
"163","Kap1UcdPk",172,0.80963687629597,0.707581673427276,0.511583730176067,0.31,0.134,0.103,0.08,0.076,0.081,0.08,0.036,0.03,0.003,0.0056,0.0071,0.004,0.0046,0.0068,0.002,0.001,0.0016
"164","MaffIggrabPk",295,0.902989491405048,0.843247887978466,0.469603110929903,0.98,0.908,NA,0.74,0.876,NA,0.98,0.468,NA,0.003,0.0068,0.0091,0.003,0.0072,0.0098,0.003,0.005,0.0064
"165","Mafkab50322IggrabPk",475,0.931220671623434,0.863457811986426,0.837113849059713,0.89,0.714,0.68,0.48,0.594,0.662,0.88,0.8,0.708,0.005,0.0046,0.0064,0.003,0.005,0.0072,0.004,0.005,0.0074
"166","MaxIggrabPk",794,0.950432660567764,0.845590142357047,0.457297220265075,0.98,0.94,0.924,0.76,0.816,0.848,0.38,0.104,0.209,0.064,0.0466,0.0384,0.066,0.0454,0.0383,0.028,0.021,0.0162
"167","MaxStdPk",281,0.949046930876932,0.813609261761831,0.923951540000797,0.73,0.492,0.315,0.06,0.036,0.041,0.73,0.498,0.333,0.168,NA,NA,0.161,NA,NA,0.171,NA,NA
"168","Mazab85725IggrabPk",950,0.943443030175627,0.820567037415101,0.465067391876613,1,0.968,0.964,0.78,0.892,0.916,0.56,0.14,0.263,0.059,0.0496,0.0398,0.063,0.0498,0.0393,0.028,0.0236,0.0179
"169","Mxi1af4185IggrabPk",472,0.958940265600164,0.911905963185151,0.878117417833154,0.94,0.762,0.74,0.57,0.658,0.723,0.93,0.878,0.78,0.075,0.065,0.0504,0.08,0.0704,0.0542,0.078,0.067,0.0521
"170","NelfeStdPk",195,0.947195037742222,0.75103053908921,0.755601313582534,0.11,0.064,0.051,0.01,0.02,0.015,0.12,0.07,0.054,NA,NA,NA,NA,NA,NA,NA,NA,NA
"171","Nfe2StdPk",107,0.962033755444194,0.747281271547019,0.943933351219472,0.08,0.058,0.05,0.02,0.024,0.019,0.08,0.058,0.052,0.097,NA,NA,0.076,NA,NA,0.096,NA,NA
"172","NfyaStdPk",829,0.943939593360043,0.793928590659622,0.852615957759704,0.96,0.91,0.766,0.17,0.202,0.217,0.96,0.892,0.716,0.33,0.1806,NA,0.32,0.1632,NA,0.312,0.1548,NA
"173","NfybStdPk",253,0.928360585603883,0.82950651748347,0.822450987842941,0.39,0.366,0.368,0.24,0.332,0.368,0.36,0.41,0.378,0.072,0.0392,0.029,0.073,0.0396,0.0285,0.063,0.038,0.0274
"174","Nrf1IggrabPk",153,0.971320907726167,0.848118679741365,0.983148844682917,0.54,0.348,0.192,0.08,0.146,0.226,0.54,0.37,0.238,0.045,0.03,NA,0.054,0.0366,NA,0.055,0.0372,NA
"175","P300IggrabPk",13360,NA,NA,NA,0.97,0.948,0.934,0.77,0.758,0.75,0.96,0.97,0.953,0.265,0.2272,0.2241,0.227,0.1952,0.1961,0.229,0.1938,0.1912
"176","P300sc584sc48343IggrabPk",178,0.962313224653794,0.783337658070364,0.927861364857603,0.67,0.376,0.259,0.14,0.196,0.206,0.67,0.368,0.245,0.05,0.0328,0.021,0.041,0.027,0.0173,0.049,0.0308,0.0195
"177","Pol2Ifna30StdPk",1200,0.922057771620906,0.693036872017509,0.446851246667768,0.66,0.726,0.713,0.57,0.588,0.594,0.48,0.164,0.086,0.157,0.1516,NA,0.153,0.1372,NA,0.021,0.0142,NA
"178","Pol2Ifna6hStdPk",1220,0.926755313028879,0.696026063298364,0.448002592902351,0.76,0.778,0.735,0.59,0.598,0.607,0.53,0.172,0.093,0.155,0.1538,NA,0.148,0.14,NA,0.019,0.014,NA
"179","Pol2Ifng30StdPk",578,0.927764911251258,0.845971882889222,0.475308385542294,0.86,0.8,0.753,0.58,0.592,0.636,0.4,0.092,0.157,0.067,0.0528,0.0426,0.069,0.0526,0.042,0.033,0.0226,0.0184
"180","Pol2Ifng6hStdPk",582,0.92892070461052,0.854682092039482,0.474623312182199,0.92,0.792,0.74,0.52,0.568,0.618,0.38,0.088,0.152,0.063,0.0552,0.0427,0.064,0.0546,0.0422,0.03,0.024,0.0184
"181","Pol2IggmusPk",3992,NA,NA,NA,0.35,0.382,0.363,0.13,0.138,0.13,0.35,0.382,0.363,0.464,NA,NA,0.369,NA,NA,0.459,NA,NA
"182","Pol2s2IggrabPk",2019,0.838402372727884,0.717629634255359,0.52482594497438,0.8,0.854,0.843,0.63,0.662,0.671,0.82,0.862,0.806,0.057,0.0378,0.0364,0.054,0.0368,0.0358,0.051,0.0336,0.0312
"183","Pol2s2StdPk",124,0.523306260303164,0.455299847211612,0.526373085119215,0.01,0.014,0.017,0.02,0.016,0.018,0.01,0.01,0.02,0,2e-04,2e-04,0,2e-04,2e-04,0,4e-04,2e-04
"184","Pol2StdPk",614,0.933147310142583,0.855165250952236,0.472057547106212,0.89,0.816,0.773,0.6,0.616,0.662,0.38,0.084,0.159,0.083,0.0544,0.044,0.084,0.0538,0.0433,0.038,0.023,0.019
"185","Pol3StdPk",131,0.966209424898006,0.782552596422799,0.976645807572006,0.01,0.004,0.003,0,0.002,0.002,0.01,0.004,0.003,NA,NA,NA,NA,NA,NA,NA,NA,NA
"186","Rad21StdPk",902,0.91311183908197,0.75387320532415,0.91940020946735,0.76,0.63,0.61,0.27,0.32,0.375,0.72,0.506,0.302,0.083,0.0744,0.0655,0.1,0.0852,0.0671,0.091,0.053,0.0369
"187","Rfx5IggrabPk",602,0.943019852036673,0.852506990475037,0.475730961894342,0.94,0.872,0.819,0.46,0.58,0.666,0.42,0.096,0.156,0.118,0.0666,0.0395,0.116,0.0662,0.0394,0.058,0.029,0.0165
"188","Rpc155StdPk",229,0.901957239479863,0.661218548230571,0.870105691753171,0,0.006,0.009,0.01,0.008,0.015,0,0.006,0.009,NA,NA,NA,NA,NA,NA,NA,NA,NA
"189","Setdb1MnasedUcdPk",339,0.610048561616647,0.540766136420513,0.500607723677355,0.12,0.032,0.021,0,0,0,0.01,0.002,0.001,0.017,NA,NA,0.015,NA,NA,0.029,NA,NA
"190","Setdb1UcdPk",130,0.889732567631049,0.790131494154759,0.787236076747709,0.12,0.096,0.09,0,0.02,0.018,0.12,0.1,0.078,0.025,NA,NA,0.023,NA,NA,0.025,NA,NA
"191","Sirt6StdPk",202,0.964963769936587,0.716847635758687,0.956669136990954,0.05,0.056,0.049,0.01,0.006,0.005,0.05,0.056,0.049,NA,NA,NA,NA,NA,NA,NA,NA,NA
"192","Smc3ab9263IggrabPk",1600,0.901333896768542,0.688759232724519,0.879494137604443,0.96,0.916,0.871,0.46,0.536,0.568,0.95,0.702,0.469,0.09,0.081,0.0689,0.094,0.079,0.0652,0.084,0.054,0.0382
"193","Stat1Ifna30StdPk",164,0.94441835678641,0.807281737724895,0.803827267941384,0.18,0.13,0.093,0.04,0.024,0.02,0.18,0.144,0.093,NA,NA,NA,NA,NA,NA,NA,NA,NA
"194","Stat1Ifna6hStdPk",104,0.882330334306588,0.60576611059849,0.8368307129469,0.01,0.018,0.016,0,0.002,0.004,0.01,0.018,0.016,NA,NA,NA,NA,NA,NA,NA,NA,NA
"195","Stat1Ifng30StdPk",150,0.924561422562686,0.683457827479701,0.858380375383067,0.02,0.04,0.032,0,0.016,0.015,0.02,0.04,0.036,NA,NA,NA,NA,NA,NA,NA,NA,NA
"196","Stat1Ifng6hStdPk",328,0.923581878703307,0.693426324040719,0.903013791244631,0.04,0.048,0.039,0,0.006,0.011,0.04,0.048,0.039,NA,NA,NA,NA,NA,NA,NA,NA,NA
"197","Stat2Ifna30StdPk",165,0.95747329611973,0.737836188075475,0.939897031964674,0.16,0.078,0.056,0,0.008,0.008,0.16,0.078,0.056,NA,NA,NA,NA,NA,NA,NA,NA,NA
"198","Stat2Ifna6hStdPk",282,0.887051670607442,0.647770283879599,0.840463470893644,0.03,0.026,0.022,0,0.008,0.005,0.03,0.026,0.022,NA,NA,NA,NA,NA,NA,NA,NA,NA
"199","Tal1sc12984IggmusPk",1019,0.931759309983191,0.719096065725558,0.452453967102555,0.72,0.692,0.676,0.6,0.578,0.591,0.63,0.206,0.111,0.015,0.0112,0.0111,0.015,0.0106,0.0103,0.003,0.002,0.0021
"200","Tblr1ab24550IggrabPk",487,0.956067099867718,0.908359311478229,0.866368837242221,0.95,0.752,0.75,0.58,0.696,0.741,0.95,0.86,0.776,0.046,0.0522,0.0437,0.05,0.0556,0.0476,0.044,0.053,0.0458
"201","Tblr1nb600270IggrabPk",832,0.961442697346744,0.850789590785107,0.470966700974548,0.98,0.968,0.956,0.7,0.836,0.874,0.66,0.148,0.233,0.077,0.0524,0.0397,0.077,0.0516,0.0391,0.031,0.0222,0.0167
"202","TbpIggmusPk",1746,0.950948245317154,0.690548678631204,0.4489067148663,0.97,0.97,0.964,0.79,0.838,0.865,0.82,0.298,0.158,0.197,0.1808,0.1195,0.189,0.1634,0.1085,0.011,0.016,0.011
"203","Tf3c110StdPk",465,0.928856557691763,0.641269447997088,0.898538123888063,0.02,0.028,0.034,0.01,0.012,0.02,0.02,0.028,0.034,0.196,NA,NA,0.168,NA,NA,0.186,NA,NA
"204","Tr4UcdPk",104,0.958092538439133,0.739211477373758,0.869537331768543,0.01,0.012,0.014,0,0.004,0.006,0.04,0.014,0.014,NA,NA,NA,NA,NA,NA,NA,NA,NA
"205","Ubfsc13125IggmusPk",3450,0.926537946791427,0.641004847333003,0.861152757254495,0.5,0.562,0.541,0.14,0.144,0.159,0.54,0.576,0.551,0.131,0.11,0.1041,0.108,0.085,0.0829,0.129,0.1062,0.1003
"206","Ubtfsab1404509IggmusPk",2863,0.934989413005882,0.674383514661341,0.868457242024391,0.77,0.774,0.712,0.25,0.272,0.307,0.77,0.776,0.709,0.065,0.0534,0.0584,0.068,0.0522,0.0537,0.071,0.059,0.0613
"207","Usf2IggrabPk",1328,0.93481868141517,0.721989703525192,0.871517697791956,0.98,0.916,0.803,0.11,0.152,0.164,0.98,0.906,0.716,0.362,0.161,NA,0.315,0.1244,NA,0.303,0.1144,NA
"208","Xrcc4StdPk",106,0.950267932421424,0.82546182725308,0.990415248434728,0.03,0.044,0.034,0,0,0,0.03,0.044,0.034,NA,NA,NA,NA,NA,NA,NA,NA,NA
"209","Yy1UcdPk",203,0.966116837287932,0.755427667955168,0.825261282001001,0.67,0.496,0.312,0.33,0.296,0.217,0.65,0.362,0.248,0.107,NA,NA,0.088,NA,NA,0.074,NA,NA
"210","Zc3h11anb10074650IggrabPk",404,0.94678948215576,0.89558704943675,0.874535797390917,0.86,0.67,0.654,0.51,0.588,0.639,0.86,0.786,0.684,0.079,0.053,0.0379,0.08,0.0554,0.0406,0.077,0.0544,0.0393
"211","Znf143IggrabPk",799,0.973660823746704,0.811801540191491,0.820962473973407,1,0.944,0.961,0.96,0.952,0.955,1,0.984,0.956,0.65,0.1844,0.0931,0.662,0.1774,0.0898,0.642,0.1732,0.0877
"212","Znf263UcdPk",141,0.812141834155156,0.701374631140844,0.614301882983938,0.12,0.06,0.048,0,0.028,0.03,0.1,0.058,0.048,0.049,NA,NA,0.044,NA,NA,0.045,NA,NA
"213","Znf274m01UcdPk",2114,0.911655297684853,0.740165010172032,0.845747711630805,0.42,0.422,0.394,0.12,0.116,0.088,0.45,0.438,0.401,0.18,0.1546,NA,0.169,0.1392,NA,0.178,0.1498,NA
"214","Znf274UcdPk",560,0.735477519678418,0.547553790866079,0.758112146711559,0,0,0,0,0,0.001,0,0,0,NA,NA,NA,NA,NA,NA,NA,NA,NA
"215","Znf384hpa004051IggrabPk",1216,0.90995688604133,0.710832174651154,0.469816235626913,0.81,0.754,0.732,0.59,0.6,0.643,0.69,0.29,0.169,0.05,0.035,0.033,0.056,0.0372,0.0315,0.01,0.0082,0.0071
"216","Znfmizdcp1ab65767IggrabPk",1487,0.956802054165643,0.706330365974283,0.450669233360019,0.92,0.938,0.937,0.82,0.82,0.829,0.78,0.262,0.138,0.07,0.0946,0.0882,0.076,0.0838,0.0801,0.012,0.0096,0.0072
"217","Bach1Controlbach1PkRep1",118,0.733447721136991,0.67888555804365,0.776320844228957,0.04,0.012,0.008,0,0,0,0.04,0.012,0.008,NA,NA,NA,NA,NA,NA,NA,NA,NA
"218","Ccne1Controlccne1PkRep2",114,0.770690642588177,0.672394308266347,0.841586947896469,0.01,0.002,0.003,0,0,0,0.01,0.002,0.003,NA,NA,NA,NA,NA,NA,NA,NA,NA
"219","Cdkn1bControlcdkn1bPkRep1",106,NA,NA,NA,0,0,0,0,0,0,0,0,0,NA,NA,NA,NA,NA,NA,NA,NA,NA
"220","EfosControlPk",25048,NA,NA,NA,0.95,0.924,0.92,0.54,0.596,0.598,0.95,0.924,0.922,0.193,0.2224,0.2285,0.165,0.1942,0.2009,0.173,0.1976,0.2123
"221","Egata2ControlPk",15475,NA,NA,NA,0.53,0.586,0.572,0.41,0.434,0.433,0.55,0.61,0.584,0.121,0.0972,0.0916,0.111,0.09,0.0886,0.207,0.1664,0.1271
"222","Ehdac8ControlPk",199,0.934617889525442,0.878537146261879,0.859506571033321,0.44,0.33,0.318,0.2,0.236,0.287,0.43,0.4,0.322,0.015,0.0132,0.0178,0.014,0.013,0.0179,0.016,0.0142,0.0179
"223","EjunbControlPk",1173,0.914548392341642,0.702765710427562,0.459799954422309,0.79,0.746,0.698,0.6,0.58,0.599,0.58,0.234,0.13,0.022,0.0252,0.0221,0.018,0.0238,0.0221,0.004,0.0034,0.0033
"224","EjundControlPk",2278,0.898086677001264,0.636199175998624,0.453148993951945,0.78,0.836,0.833,0.73,0.786,0.798,0.8,0.446,0.26,0.01,0.0188,0.0145,0.011,0.0174,0.014,0.004,0.0046,0.0036
"225","Elf1Controlelf1PkRep2",127,0.98092580981582,0.88121788070166,0.410055423201846,0.04,0.028,0.031,0,0.004,0.006,0.02,0.018,0.013,NA,NA,NA,NA,NA,NA,NA,NA,NA
"226","Enr4a1ControlPk",836,0.851861134687853,0.631032117736543,0.72754907594475,0.11,0.14,0.14,0.06,0.048,0.046,0.12,0.15,0.149,0.063,0.06,NA,0.061,0.0546,NA,0.072,0.056,NA
"227","EsrControlesrPkRep1",116,0.680278418794639,0.493058953442574,0.597711334685968,0.1,0.062,0.05,0,0,0,0.1,0.062,0.052,0.02,NA,NA,0.003,NA,NA,0.023,NA,NA
"228","EsrControlesrPkRep2",397,0.721373013547474,0.500221576970382,0.575256299987599,0.03,0.014,0.02,0,0.004,0.003,0.03,0.014,0.02,NA,NA,NA,NA,NA,NA,NA,NA,NA
"229","Ilf2Controlilf2PkRep1",121,0.668391753514968,0.492005559182874,0.499836792393803,0,0.01,0.015,0,0.002,0.001,0,0.012,0.016,NA,NA,NA,NA,NA,NA,NA,NA,NA
"230","Ilf2Controlilf2PkRep2",137,0.680113362588195,0.484194800477874,0.521793204697987,0.09,0.03,0.026,0,0.004,0.002,0.09,0.034,0.027,NA,NA,NA,NA,NA,NA,NA,NA,NA
"231","Mll5Controlmll5PkRep1",125,0.600323367993388,0.50648635430766,0.484892615048491,0.01,0.002,0.005,0,0,0.001,0.01,0.002,0.004,NA,NA,NA,NA,NA,NA,NA,NA,NA
"232","Mll5Controlmll5PkRep2",101,0.613257424823947,0.568485418363263,0.475198182948936,0.03,0.018,0.011,0,0.004,0.002,0.02,0.008,0.007,NA,NA,NA,NA,NA,NA,NA,NA,NA
"233","Ncor1Controlncor1PkRep1",272,NA,NA,NA,0.03,0.012,0.006,0,0,0,0.03,0.012,0.006,NA,NA,NA,NA,NA,NA,NA,NA,NA
"234","Ncor1Controlncor1PkRep2",134,0.814821419366279,0.648150795851066,0.449078300366099,0.19,0.056,0.051,0,0,0,0.07,0.046,0.03,NA,NA,NA,NA,NA,NA,NA,NA,NA
"235","Nf90Controlnf90PkRep1",112,0.678776675337564,0.500387000755621,0.505979284876989,0.02,0.016,0.017,0,0.004,0.002,0.02,0.018,0.016,NA,NA,NA,NA,NA,NA,NA,NA,NA
"236","Nf90Controlnf90PkRep2",186,0.749783941120956,0.615725542260348,0.596040151588572,0.12,0.058,0.062,0.04,0.024,0.026,0.12,0.062,0.056,0.011,0.0084,NA,0.009,0.008,NA,0.009,0.0078,NA
"237","Stat1Controlstat1PkRep1",2298,NA,NA,NA,0.2,0.086,0.063,0,0.008,0.009,0.2,0.086,0.064,0.107,NA,NA,0.11,NA,NA,0.097,NA,NA
"238","Stat1Controlstat1PkRep2",108,0.785386933409771,0.598161771351618,0.677457934442062,0.08,0.04,0.031,0,0.004,0.002,0.09,0.046,0.029,NA,NA,NA,NA,NA,NA,NA,NA,NA
"239","CtcfStdHotspotsRep1",5335,0.880106084092151,0.675188929994638,0.747353344635075,1,0.994,0.995,0.95,0.952,0.953,1,0.994,0.977,0.007,0.0164,0.0165,0.005,0.0144,0.0161,0.007,0.0144,0.0166
"240","CtcfStdHotspotsRep2",4869,0.878083409298198,0.674834161946025,0.754578351712975,0.98,0.984,0.99,0.92,0.924,0.93,0.99,0.988,0.967,0.011,0.0226,0.022,0.007,0.0198,0.0209,0.01,0.0218,0.0225
"241","CtcfStdPkRep1",1579,0.925372121872941,0.67792059814287,0.842857759632243,0.93,0.894,0.861,0.43,0.524,0.554,0.89,0.636,0.389,0.017,0.0196,0.0199,0.015,0.0196,0.0194,0.009,0.0108,0.0102
"242","CtcfStdPkRep2",1322,0.931819687493977,0.696361604705096,0.865362236152066,0.93,0.874,0.821,0.42,0.496,0.522,0.89,0.618,0.371,0.022,0.028,0.0263,0.02,0.0276,0.0251,0.011,0.0152,0.0129
"243","Atf3",109,0.639365625679672,0.513938205377179,0.538713829850835,0,0,0,0,0,0,0,0,0,0,NA,NA,0,NA,NA,0,NA,NA
"244","Bdp1",105,0.620053484518601,0.520848799333494,0.560780426674891,0,0,0.001,0,0,0,0,0,0.001,0.004,NA,NA,0.002,NA,NA,0.005,NA,NA
"245","bE2f4",232,0.561524786348706,0.505509002564165,0.478308910212235,0,0.02,0.024,0.01,0.008,0.008,0,0,0.004,0,2e-04,2e-04,0.001,4e-04,3e-04,0,0,0
"246","bE2f6",179,0.535535779732454,0.489517019424592,0.470127359354957,0.01,0.012,0.009,0.02,0.01,0.011,0.01,0.004,0.01,0.001,4e-04,6e-04,0.001,4e-04,5e-04,0.001,0.001,6e-04
"247","bGata1",426,0.571680964353324,0.480519365805412,0.511739169937481,0,0,0,0,0.002,0.003,0,0,0,0.001,0.0024,NA,0.003,0.0024,NA,0.002,0.0022,NA
"248","bGata1V2",217,0.580682358874322,0.533898223701021,0.52010854144358,0,0.002,0.004,0,0.004,0.004,0,0.004,0.003,0.01,0.005,NA,0.009,0.0052,NA,0.012,0.0056,NA
"249","bGata2",106,0.575993076327158,0.495084652496792,0.512324518330035,0.01,0.004,0.004,0,0.002,0.003,0,0.008,0.007,0.002,8e-04,4e-04,0.002,6e-04,3e-04,0.001,6e-04,6e-04
"250","Brf1",275,0.613786143030732,0.487235296554425,0.578350195330104,0,0,0,0,0,0,0,0,0,NA,NA,NA,NA,NA,NA,NA,NA,NA
"251","Brf2",136,0.604103762505408,0.522874004845637,0.543102847058888,0,0,0,0,0,0,0,0,0,NA,NA,NA,NA,NA,NA,NA,NA,NA
"252","Brg1Musigg",175,0.564742666475862,0.498335884825605,0.52857976767865,0.01,0.006,0.008,0.01,0.014,0.013,0.01,0.016,0.01,0.003,0.001,7e-04,0.002,0.001,9e-04,0.002,0.001,8e-04
"253","bSetdb1Mnase",260,0.557735794403553,0.482089405385194,0.513429517481599,0,0.01,0.008,0,0,0,0,0.008,0.007,0.005,0.0018,NA,0.003,0.0012,NA,0.004,0.0016,NA
"254","bSetdb1",154,0.547412137132391,0.529903807785524,0.533034367562169,0,0.002,0.001,0,0.004,0.005,0,0.002,0.004,0.001,8e-04,4e-04,0.003,0.0014,9e-04,0.003,0.001,7e-04
"255","bTr4",388,0.661798623709719,0.484729316011779,0.559011618684243,0,0,0,0,0,0.001,0,0,0,NA,NA,NA,NA,NA,NA,NA,NA,NA
"256","bYy1",117,0.565409274241654,0.528144467362297,0.478714587999555,0,0.002,0.003,0,0,0,0,0.002,0.001,0.002,0.0012,NA,0.004,0.001,NA,0.002,8e-04,NA
"257","bZnf263V2",204,0.564863560318322,0.505162891119551,0.473547205642973,0,0.012,0.014,0.02,0.024,0.016,0.01,0.004,0.007,0,0.0012,8e-04,0,0.0012,0.001,0,2e-04,4e-04
"258","bZnf274",429,0.632263354988204,0.49609394365222,0.5348799831412,0,0,0.002,0,0,0,0,0,0.002,NA,NA,NA,NA,NA,NA,NA,NA,NA
"259","Cfos",226,0.55530757464276,0.51286566239399,0.530241451419277,0.02,0.012,0.017,0.02,0.012,0.016,0.02,0.012,0.016,0,0,3e-04,0,0,3e-04,0,0,2e-04
"260","CfosV2",110,0.57083702131326,0.525956590191671,0.506032490776786,0,0.004,0.008,0.02,0.008,0.008,0,0.002,0.006,0.001,4e-04,3e-04,0.001,4e-04,2e-04,0,0,0
"261","Cjun",112,0.559563351784251,0.477593963126373,0.522885901780597,0.06,0.024,0.024,0,0.02,0.018,0.06,0.022,0.022,0,0,0,0,0,0,0,0,0
"262","CjunV2",294,0.53503643195323,0.494276690806017,0.500898705357234,0.02,0.012,0.011,0.02,0.008,0.006,0.02,0.012,0.01,0.002,4e-04,4e-04,0.003,8e-04,8e-04,0.003,8e-04,6e-04
"263","Cmyc",103,0.547185320747797,0.510326058341549,0.485234871303271,0.02,0.024,0.022,0.01,0.02,0.019,0.02,0.018,0.019,0,0,0,0,0,1e-04,0,0,1e-04
"264","CmycV2",170,0.581902444740822,0.514465879096657,0.50905128877629,0,0.004,0.016,0,0.02,0.02,0,0.008,0.014,0.001,0.0012,9e-04,0.001,0.0012,7e-04,0.002,0.0012,8e-04
"265","Gtf2b",398,0.531293338814684,0.487263508408736,0.544360739962276,0,0,0.007,0,0.008,0.005,0,0,0.009,0,NA,NA,0.001,NA,NA,0,NA,NA
"266","Ifna30Cmyc",132,0.59557191023623,0.523464152064334,0.494229947694965,0,0.002,0.009,0,0.016,0.012,0,0.004,0.006,0.001,0.001,7e-04,0.001,8e-04,5e-04,0.002,0.001,5e-04
"267","Ifna30Pol2",117,0.53960788977452,0.547615057710171,0.542662551140013,0.01,0.02,0.02,0.03,0.03,0.023,0.03,0.02,0.022,0.003,0.0016,0.0013,0.005,0.002,0.0016,0.004,0.0018,0.0014
"268","Ifna30Stat1",160,0.627536245262602,0.497893197634763,0.545953518367514,0,0.002,0.003,0,0.002,0.001,0,0.002,0.003,0.005,NA,NA,0.004,NA,NA,0.005,NA,NA
"269","Ifna30Stat2",101,0.598079781249182,0.508583483789936,0.479516183897219,0.01,0.002,0.004,0,0.01,0.007,0.01,0.004,0.007,0.003,0.0012,NA,0.003,0.0014,NA,0.003,0.0012,NA
"270","Ifna6hCjun",103,0.546303347307778,0.485302152621532,0.531119511864512,0.01,0.002,0.001,0.01,0.004,0.005,0.01,0.002,0.002,0.003,8e-04,NA,0.003,0.001,NA,0.004,8e-04,NA
"271","Ifna6hCmyc",164,0.593498844359517,0.518851132966159,0.510793382097554,0,0.006,0.017,0,0.016,0.02,0,0.012,0.014,0.003,0.0012,8e-04,0.001,8e-04,9e-04,0.004,0.001,8e-04
"272","Ifna6hPol2",130,0.522660763374189,0.507398652141246,0.527054857802448,0.02,0.026,0.023,0.03,0.034,0.027,0.03,0.022,0.023,0.003,0.002,0.0015,0.005,0.0024,0.0017,0.004,0.002,0.0014
"273","Ifna6hStat1",258,0.575318638015831,0.501698904778495,0.48581467642979,0,0,0,0,0.01,0.006,0,0.002,0.004,0.003,NA,NA,0.003,NA,NA,0.001,NA,NA
"274","Ifna6hStat2",118,0.59455400935358,0.514797453464135,0.523675764867158,0,0.004,0.003,0,0,0,0,0.004,0.003,0.003,NA,NA,0.002,NA,NA,0.004,NA,NA
"275","Ifng30Cjun",119,0.547655342475937,0.516719832655655,0.495214095580035,0.03,0.016,0.01,0.03,0.012,0.01,0.03,0.014,0.009,0.001,0.0012,8e-04,0.001,0.001,6e-04,0,8e-04,6e-04
"276","Ifng30Pol2",134,0.524467840591403,0.513898530874158,0.524002289059422,0.02,0.026,0.023,0.03,0.032,0.026,0.03,0.024,0.024,0.004,0.002,0.0013,0.006,0.0018,0.0014,0.006,0.0016,0.0014
"277","Ifng6hCjun",134,0.567033768442954,0.497298050090326,0.51041583194506,0,0,0,0,0,0,0,0,0,0.001,8e-04,8e-04,0.001,2e-04,5e-04,0.001,8e-04,7e-04
"278","Ifng6hCmyc",134,0.54627655543213,0.546049842253533,0.464621917339552,0,0.008,0.011,0.01,0.01,0.012,0,0.006,0.007,0.003,0.0022,0.002,0.003,0.002,0.0021,0.003,0.002,0.0018
"279","Ifng6hPol2",119,0.525521296439264,0.507730042186455,0.528809071241332,0.01,0.02,0.021,0.03,0.03,0.021,0.03,0.022,0.021,0.004,0.002,0.0013,0.005,0.0018,0.0016,0.004,0.0014,0.0014
"280","Ini1Musigg",128,0.525745515815898,0.521346723050505,0.475421406524765,0,0.002,0.004,0,0.002,0.006,0.01,0.006,0.004,0.001,2e-04,2e-04,0.002,4e-04,4e-04,0.002,6e-04,3e-04
"281","Jund",114,0.553524859476467,0.56241964253494,0.440816164917605,0,0,0,0,0,0.001,0,0,0,0.01,NA,NA,0.008,NA,NA,0.006,NA,NA
"282","JundV2",199,0.573785496668608,0.519812178739558,0.586438666025822,0,0,0.001,0,0,0,0,0,0,0.003,NA,NA,0.002,NA,NA,0.004,NA,NA
"283","Max",167,0.552459658513524,0.526313809845897,0.522486370177358,0,0.008,0.011,0,0.01,0.011,0,0.006,0.007,0,0,1e-04,0,4e-04,3e-04,0,2e-04,3e-04
"284","MaxV2",388,0.554052070031651,0.515016435047427,0.522107393009029,0,0,0.003,0,0.004,0.007,0,0,0.003,0.002,0.0036,0.0028,0.002,0.003,0.0026,0.002,0.003,0.0026
"285","Nelfe",115,0.617046747136567,0.512779354114514,0.536341614178007,0,0,0,0,0,0,0,0,0,0.003,NA,NA,0.002,NA,NA,0.003,NA,NA
"286","Nfe2",184,0.579048479560009,0.508927062502957,0.527265875840414,0.01,0.01,0.006,0,0.004,0.005,0,0,0.004,0.002,8e-04,0.0014,0.001,0.001,0.0012,0.003,0.0018,0.0013
"287","Nfe2V2",407,0.542933120833397,0.502153066671775,0.486301727723451,0,0,0,0,0,0,0,0,0.002,0.01,0.0054,NA,0.013,0.0066,NA,0.014,0.0056,NA
"288","Nfya",135,0.557465140655234,0.502920309437507,0.5132637314135,0.01,0.004,0.004,0.01,0.002,0.003,0,0.002,0.003,0,6e-04,3e-04,0.001,2e-04,3e-04,0,4e-04,4e-04
"289","Nfyb",134,0.528189725547881,0.495397006528316,0.525554135990153,0,0.004,0.006,0.01,0.004,0.004,0,0.002,0.002,0.001,0.0014,0.0011,0.001,0.0016,0.0012,0.003,0.0018,0.0013
"290","Pol2Musigg",158,0.541534171282324,0.493001031697393,0.500052355751874,0.02,0.028,0.033,0.01,0.022,0.019,0.02,0.028,0.027,0.001,6e-04,6e-04,0.001,8e-04,6e-04,0.001,0.001,8e-04
"291","Pol2",110,0.527962673536318,0.51396415900393,0.487693631575675,0.03,0.032,0.033,0.05,0.034,0.029,0.03,0.03,0.027,0.001,2e-04,1e-04,0.001,2e-04,1e-04,0,0,0
"292","Pol2V2",129,0.533782725076712,0.516679361348683,0.537300602816043,0.05,0.03,0.031,0.03,0.03,0.03,0.05,0.032,0.026,0,6e-04,6e-04,0,6e-04,7e-04,0,4e-04,6e-04
"293","Pol3",1108,NA,NA,NA,0,0,0.001,0,0,0,0,0,0.001,NA,NA,NA,NA,NA,NA,NA,NA,NA
"294","Rad21",229,0.54130608016575,0.509569503938006,0.494471311801998,0.01,0.006,0.007,0.01,0.006,0.007,0.01,0.006,0.007,0.003,0.001,9e-04,0.003,0.001,8e-04,0.002,0.0014,0.0011
"295","Rpc155",102,0.572186885521124,0.496678167281307,0.531369164245505,0,0,0.002,0,0,0,0,0.002,0.002,0.003,NA,NA,0.002,NA,NA,0.004,NA,NA
"296","Sirt6",198,0.567999133150806,0.485794696286722,0.48708731589478,0,0.004,0.002,0,0,0.002,0,0.004,0.003,0,2e-04,NA,0.001,6e-04,NA,0,4e-04,NA
"297","Stat1Ifng30",119,0.577877553384933,0.516167242863382,0.499385589864847,0,0,0.001,0,0.006,0.004,0,0,0.003,0.003,NA,NA,0.006,NA,NA,0.005,NA,NA
"298","Stat1Ifng6h",120,0.593898711518409,0.491210676804884,0.498785686084842,0,0,0,0,0.004,0.002,0,0.004,0.002,0.001,4e-04,NA,0,2e-04,NA,0,2e-04,NA
"299","Tfiiic",139,0.58222532544174,0.509556523029876,0.453922234087473,0,0.002,0.004,0.01,0.004,0.009,0,0,0.002,0,0,NA,0,4e-04,NA,0,0,NA
"300","Xrcc4",300,0.71792431261014,0.485061717064891,0.592131892078582,0,0,0.001,0,0,0,0,0,0.001,NA,NA,NA,NA,NA,NA,NA,NA,NA
"301","Znf263",362,0.533403993403773,0.51215339701039,0.534172240725214,0.04,0.024,0.036,0,0.044,0.038,0.04,0.03,0.038,0,4e-04,5e-04,0,4e-04,2e-04,0,2e-04,4e-04
